{
  "id": "1733895",
  "name": "网易云音乐",
  "font_family": "iconfont",
  "css_prefix_text": "icon-",
  "description": "",
  "glyphs": [
    {
      "icon_id": "16846269",
      "name": "chevron_left_24px",
      "font_class": "chevron_left_24px",
      "unicode": "e638",
      "unicode_decimal": 58936
    },
    {
      "icon_id": "16846281",
      "name": "chevron_right_24px",
      "font_class": "chevron_right_24px",
      "unicode": "e639",
      "unicode_decimal": 58937
    },
    {
      "icon_id": "3874042",
      "name": "搜索",
      "font_class": "sousuo",
      "unicode": "e637",
      "unicode_decimal": 58935
    },
    {
      "icon_id": "7931886",
      "name": "ic_长方形",
      "font_class": "ic_changfangxing",
      "unicode": "e634",
      "unicode_decimal": 58932
    },
    {
      "icon_id": "8068711",
      "name": "心 爱心",
      "font_class": "xinaixin",
      "unicode": "e602",
      "unicode_decimal": 58882
    },
    {
      "icon_id": "8218980",
      "name": "云盘",
      "font_class": "yunpan",
      "unicode": "e686",
      "unicode_decimal": 59014
    },
    {
      "icon_id": "9052086",
      "name": "收 藏 (1)",
      "font_class": "shoucang",
      "unicode": "e603",
      "unicode_decimal": 58883
    },
    {
      "icon_id": "9056530",
      "name": "信",
      "font_class": "xin",
      "unicode": "e629",
      "unicode_decimal": 58921
    },
    {
      "icon_id": "10452069",
      "name": "朋友",
      "font_class": "pengyou",
      "unicode": "e610",
      "unicode_decimal": 58896
    },
    {
      "icon_id": "11168064",
      "name": "下一首",
      "font_class": "xiayishou",
      "unicode": "e619",
      "unicode_decimal": 58905
    },
    {
      "icon_id": "11358761",
      "name": "关闭音量",
      "font_class": "guanbiyinliang",
      "unicode": "e654",
      "unicode_decimal": 58964
    },
    {
      "icon_id": "12103653",
      "name": "用户收藏，用户关注",
      "font_class": "huabanfuben",
      "unicode": "eb81",
      "unicode_decimal": 60289
    },
    {
      "icon_id": "12600131",
      "name": "网易云音乐",
      "font_class": "wangyiyunyinle",
      "unicode": "e604",
      "unicode_decimal": 58884
    },
    {
      "icon_id": "12772539",
      "name": "暂停 停止",
      "font_class": "zantingtingzhi",
      "unicode": "e605",
      "unicode_decimal": 58885
    },
    {
      "icon_id": "12892362",
      "name": "歌单",
      "font_class": "gedan",
      "unicode": "e606",
      "unicode_decimal": 58886
    },
    {
      "icon_id": "13208276",
      "name": "设 置",
      "font_class": "shezhi",
      "unicode": "e60c",
      "unicode_decimal": 58892
    },
    {
      "icon_id": "13782937",
      "name": "分 享",
      "font_class": "fenxiang",
      "unicode": "e64e",
      "unicode_decimal": 58958
    },
    {
      "icon_id": "14462927",
      "name": "下一首",
      "font_class": "xiayishou1",
      "unicode": "e607",
      "unicode_decimal": 58887
    },
    {
      "icon_id": "102487",
      "name": "衣服",
      "font_class": "yifu",
      "unicode": "e69e",
      "unicode_decimal": 59038
    },
    {
      "icon_id": "362640",
      "name": "电台",
      "font_class": "diantai",
      "unicode": "e6f4",
      "unicode_decimal": 59124
    },
    {
      "icon_id": "991012",
      "name": "音乐",
      "font_class": "yinle",
      "unicode": "e60b",
      "unicode_decimal": 58891
    },
    {
      "icon_id": "1447738",
      "name": "播放",
      "font_class": "bofang",
      "unicode": "e618",
      "unicode_decimal": 58904
    },
    {
      "icon_id": "2921575",
      "name": "下载",
      "font_class": "xiazai",
      "unicode": "e664",
      "unicode_decimal": 58980
    },
    {
      "icon_id": "3107210",
      "name": "垃圾桶",
      "font_class": "lajitong",
      "unicode": "e6d0",
      "unicode_decimal": 59088
    },
    {
      "icon_id": "3199365",
      "name": "减",
      "font_class": "reduce",
      "unicode": "e636",
      "unicode_decimal": 58934
    },
    {
      "icon_id": "3552251",
      "name": "音乐",
      "font_class": "yinyue",
      "unicode": "e600",
      "unicode_decimal": 58880
    },
    {
      "icon_id": "5137193",
      "name": "直播 播放 摄像机 天线 线性",
      "font_class": "zhibobofangshexiangjitianxianxianxing",
      "unicode": "e626",
      "unicode_decimal": 58918
    },
    {
      "icon_id": "5242413",
      "name": "音量",
      "font_class": "yinliang",
      "unicode": "e614",
      "unicode_decimal": 58900
    },
    {
      "icon_id": "5486587",
      "name": "叉",
      "font_class": "cha",
      "unicode": "e791",
      "unicode_decimal": 59281
    },
    {
      "icon_id": "5713191",
      "name": "下载",
      "font_class": "xiazai1",
      "unicode": "e601",
      "unicode_decimal": 58881
    },
    {
      "icon_id": "8777509",
      "name": "arrow_up",
      "font_class": "icon-test",
      "unicode": "e658",
      "unicode_decimal": 58968
    },
    {
      "icon_id": "8777510",
      "name": "arrow_left",
      "font_class": "icon-test1",
      "unicode": "e659",
      "unicode_decimal": 58969
    }
  ]
}
